{
  "accuracy": 0.7491525423728813,
  "test_f1_score": 0.729220459007655
}